node,timestamp,avg_isa_cpu_pct,max_cpm_cpu_pct,avg_memory_utilization_pct,cntrl_fabric_max_jitter_us,data_fabric_max_jitter_us,s5_modify_bearer_sr_pct,s5_update_bearer_fails,s2b_session_sr_pct,total_traffic_mb
MASKED-CPF-01,2025-02-10T06:00:00+05:30,3.45,7.0,34.89,10116.0,10072.0,100.0,0,100.0,0.0
MASKED-CPF-01,2025-02-10T06:15:00+05:30,3.36,7.0,34.89,23453.0,6040.0,100.0,0,100.0,0.001
MASKED-CPF-01,2025-02-10T06:30:00+05:30,3.36,7.0,34.89,12147.0,6847.0,100.0,0,100.0,0.0
MASKED-CPF-01,2025-02-10T06:45:00+05:30,3.45,7.0,34.89,7985.0,5879.0,100.0,0,100.0,0.0
MASKED-CPF-01,2025-02-10T07:00:00+05:30,3.45,7.0,34.89,12827.0,12821.0,100.0,0,100.0,0.0
MASKED-CPF-01,2025-02-10T07:15:00+05:30,3.36,6.0,34.89,7631.0,7657.0,100.0,0,100.0,0.0
MASKED-CPF-01,2025-02-10T07:30:00+05:30,3.36,7.0,34.89,7858.0,7785.0,100.0,0,100.0,0.0
MASKED-CPF-01,2025-02-10T07:45:00+05:30,3.36,6.0,34.89,7878.0,7437.0,100.0,0,80.0,0.0
MASKED-CPF-01,2025-02-10T08:00:00+05:30,3.45,6.0,34.89,9084.0,5829.0,100.0,0,100.0,0.796
MASKED-CPF-01,2025-02-10T08:15:00+05:30,3.45,6.0,34.89,7999.0,6402.0,100.0,0,100.0,0.05
MASKED-CPF-01,2025-02-10T08:30:00+05:30,3.45,7.0,34.89,11040.0,5907.0,100.0,0,100.0,0.0
MASKED-CPF-01,2025-02-10T08:45:00+05:30,3.45,7.0,34.89,8558.0,6931.0,100.0,0,66.67,0.0
MASKED-CPF-01,2025-02-10T09:00:00+05:30,3.45,6.0,34.89,7710.0,5804.0,100.0,0,66.67,0.021
MASKED-CPF-01,2025-02-10T09:15:00+05:30,3.36,7.0,34.89,8692.0,7224.0,100.0,0,100.0,0.081
MASKED-CPF-01,2025-02-10T09:30:00+05:30,3.45,7.0,34.89,8660.0,6345.0,100.0,0,100.0,0.027
MASKED-CPF-01,2025-02-10T09:45:00+05:30,3.36,7.0,34.89,7797.0,5973.0,100.0,0,50.0,0.023
MASKED-CPF-01,2025-02-10T10:00:00+05:30,3.36,7.0,34.89,7500.0,6918.0,100.0,0,33.33,0.045
MASKED-CPF-01,2025-02-10T10:15:00+05:30,3.27,7.0,34.89,7976.0,5374.0,100.0,0,100.0,0.117
MASKED-CPF-01,2025-02-10T10:30:00+05:30,3.27,6.0,34.89,7857.0,6208.0,100.0,0,66.67,0.273
MASKED-CPF-01,2026-09-29T13:00:00+05:30,2.27,5.0,20.0,384.0,381.0,100.0,2,100.0,675.019
MASKED-CPF-01,2026-09-29T13:15:00+05:30,2.27,15.0,20.0,423.0,364.0,100.0,4,4.17,777.18
MASKED-CPF-01,2026-09-29T13:30:00+05:30,2.27,7.0,20.0,404.0,381.0,100.0,6,100.0,1149.354
MASKED-CPF-01,2026-09-29T13:45:00+05:30,2.27,4.0,20.0,402.0,357.0,100.0,0,100.0,1871.937
MASKED-CPF-01,2026-09-29T14:00:00+05:30,2.27,7.0,20.0,417.0,371.0,100.0,0,33.33,1669.196
MASKED-CPF-01,2026-09-29T14:15:00+05:30,2.27,14.0,20.0,378.0,358.0,100.0,4,8.33,1784.529
MASKED-UPF-01,2025-02-10T06:00:00+05:30,3.45,7.0,34.89,10116.0,10072.0,100.0,0,100.0,0.0
MASKED-UPF-01,2025-02-10T06:15:00+05:30,3.36,7.0,34.89,23453.0,6040.0,100.0,0,100.0,0.001
MASKED-UPF-01,2025-02-10T06:30:00+05:30,3.36,7.0,34.89,12147.0,6847.0,100.0,0,100.0,0.0
MASKED-UPF-01,2025-02-10T06:45:00+05:30,3.45,7.0,34.89,7985.0,5879.0,100.0,0,100.0,0.0
MASKED-UPF-01,2025-02-10T07:00:00+05:30,3.45,7.0,34.89,12827.0,12821.0,100.0,0,100.0,0.0
MASKED-UPF-01,2025-02-10T07:15:00+05:30,3.36,6.0,34.89,7631.0,7657.0,100.0,0,100.0,0.0
MASKED-UPF-01,2025-02-10T07:30:00+05:30,3.36,7.0,34.89,7858.0,7785.0,100.0,0,100.0,0.0
MASKED-UPF-01,2025-02-10T07:45:00+05:30,3.36,6.0,34.89,7878.0,7437.0,100.0,0,80.0,0.0
MASKED-UPF-01,2025-02-10T08:00:00+05:30,3.45,6.0,34.89,9084.0,5829.0,100.0,0,100.0,0.796
MASKED-UPF-01,2025-02-10T08:15:00+05:30,3.45,6.0,34.89,7999.0,6402.0,100.0,0,100.0,0.05
MASKED-UPF-01,2025-02-10T08:30:00+05:30,3.45,7.0,34.89,11040.0,5907.0,100.0,0,100.0,0.0
MASKED-UPF-01,2025-02-10T08:45:00+05:30,3.45,7.0,34.89,8558.0,6931.0,100.0,0,66.67,0.0
MASKED-UPF-01,2025-02-10T09:00:00+05:30,3.45,6.0,34.89,7710.0,5804.0,100.0,0,66.67,0.021
MASKED-UPF-01,2025-02-10T09:15:00+05:30,3.36,7.0,34.89,8692.0,7224.0,100.0,0,100.0,0.081
MASKED-UPF-01,2025-02-10T09:30:00+05:30,3.45,7.0,34.89,8660.0,6345.0,100.0,0,100.0,0.027
MASKED-UPF-01,2025-02-10T09:45:00+05:30,3.36,7.0,34.89,7797.0,5973.0,100.0,0,50.0,0.023
MASKED-UPF-01,2025-02-10T10:00:00+05:30,3.36,7.0,34.89,7500.0,6918.0,100.0,0,33.33,0.045
MASKED-UPF-01,2025-02-10T10:15:00+05:30,3.27,7.0,34.89,7976.0,5374.0,100.0,0,100.0,0.117
MASKED-UPF-01,2025-02-10T10:30:00+05:30,3.27,6.0,34.89,7857.0,6208.0,100.0,0,66.67,0.273
MASKED-UPF-01,2026-09-29T13:00:00+05:30,2.27,5.0,20.0,384.0,381.0,100.0,2,100.0,675.019
MASKED-UPF-01,2026-09-29T13:15:00+05:30,2.27,15.0,20.0,423.0,364.0,100.0,4,4.17,777.18
MASKED-UPF-01,2026-09-29T13:30:00+05:30,2.27,7.0,20.0,404.0,381.0,100.0,6,100.0,1149.354
MASKED-UPF-01,2026-09-29T13:45:00+05:30,2.27,4.0,20.0,402.0,357.0,100.0,0,100.0,1871.937
MASKED-UPF-01,2026-09-29T14:00:00+05:30,2.27,7.0,20.0,417.0,371.0,100.0,0,33.33,1669.196
MASKED-UPF-01,2026-09-29T14:15:00+05:30,2.27,14.0,20.0,378.0,358.0,100.0,4,8.33,1784.529
MASKED-UPF-02,2025-02-10T06:00:00+05:30,3.45,7.0,34.89,10116.0,10072.0,100.0,0,100.0,0.0
MASKED-UPF-02,2025-02-10T06:15:00+05:30,3.36,7.0,34.89,23453.0,6040.0,100.0,0,100.0,0.001
MASKED-UPF-02,2025-02-10T06:30:00+05:30,3.36,7.0,34.89,12147.0,6847.0,100.0,0,100.0,0.0
MASKED-UPF-02,2025-02-10T06:45:00+05:30,3.45,7.0,34.89,7985.0,5879.0,100.0,0,100.0,0.0
MASKED-UPF-02,2025-02-10T07:00:00+05:30,3.45,7.0,34.89,12827.0,12821.0,100.0,0,100.0,0.0
MASKED-UPF-02,2025-02-10T07:15:00+05:30,3.36,6.0,34.89,7631.0,7657.0,100.0,0,100.0,0.0
MASKED-UPF-02,2025-02-10T07:30:00+05:30,3.36,7.0,34.89,7858.0,7785.0,100.0,0,100.0,0.0
MASKED-UPF-02,2025-02-10T07:45:00+05:30,3.36,6.0,34.89,7878.0,7437.0,100.0,0,80.0,0.0
MASKED-UPF-02,2025-02-10T08:00:00+05:30,3.45,6.0,34.89,9084.0,5829.0,100.0,0,100.0,0.796
MASKED-UPF-02,2025-02-10T08:15:00+05:30,3.45,6.0,34.89,7999.0,6402.0,100.0,0,100.0,0.05
MASKED-UPF-02,2025-02-10T08:30:00+05:30,3.45,7.0,34.89,11040.0,5907.0,100.0,0,100.0,0.0
MASKED-UPF-02,2025-02-10T08:45:00+05:30,3.45,7.0,34.89,8558.0,6931.0,100.0,0,66.67,0.0
MASKED-UPF-02,2025-02-10T09:00:00+05:30,3.45,6.0,34.89,7710.0,5804.0,100.0,0,66.67,0.021
MASKED-UPF-02,2025-02-10T09:15:00+05:30,3.36,7.0,34.89,8692.0,7224.0,100.0,0,100.0,0.081
MASKED-UPF-02,2025-02-10T09:30:00+05:30,3.45,7.0,34.89,8660.0,6345.0,100.0,0,100.0,0.027
MASKED-UPF-02,2025-02-10T09:45:00+05:30,3.36,7.0,34.89,7797.0,5973.0,100.0,0,50.0,0.023
MASKED-UPF-02,2025-02-10T10:00:00+05:30,3.36,7.0,34.89,7500.0,6918.0,100.0,0,33.33,0.045
MASKED-UPF-02,2025-02-10T10:15:00+05:30,3.27,7.0,34.89,7976.0,5374.0,100.0,0,100.0,0.117
MASKED-UPF-02,2025-02-10T10:30:00+05:30,3.27,6.0,34.89,7857.0,6208.0,100.0,0,66.67,0.273
MASKED-UPF-02,2026-09-29T13:00:00+05:30,2.27,5.0,20.0,384.0,381.0,100.0,2,100.0,675.019
MASKED-UPF-02,2026-09-29T13:15:00+05:30,2.27,15.0,20.0,423.0,364.0,100.0,4,4.17,777.18
MASKED-UPF-02,2026-09-29T13:30:00+05:30,2.27,7.0,20.0,404.0,381.0,100.0,6,100.0,1149.354
MASKED-UPF-02,2026-09-29T13:45:00+05:30,2.27,4.0,20.0,402.0,357.0,100.0,0,100.0,1871.937
MASKED-UPF-02,2026-09-29T14:00:00+05:30,2.27,7.0,20.0,417.0,371.0,100.0,0,33.33,1669.196
MASKED-UPF-02,2026-09-29T14:15:00+05:30,2.27,14.0,20.0,378.0,358.0,100.0,4,8.33,1784.529
